        'https://www.springer.com/journal/12136/editorial-board',
        'https://www.springer.com/journal/44204/editorial-board',
        'https://www.springer.com/journal/13752//editorial-board',
        'https://www.springer.com/journal/10539/editorial-board',
        'https://link.springer.com/journal/11007/editorial-board',
        'https://www.springer.com/journal/10670/ /editorial-board',
        'https://link.springer.com/journal/10677/editorial-board',
        'https://www.springer.com/journal/13194/editorial-board',
        'https://www.springer.com/journal/10698/editorial-board',
        'https://www.springer.com/journal/10701/editorial-board',
        'https://www.springer.com/journal/10516/editorial-board',
        'https://www.springer.com/journal/40656/editorial-board',
        'https://link.springer.com/journal/10743/editorial-board',
        'http://www.springer.com/social+sciences/religious+studies/journal/11153/editorial-board',
        'https://www.springer.com/journal/10838//editorial-board',
        'https://www.springer.com/journal/10892/editorial-board',
        'https://link.springer.com/journal/40961/editorial-board',
        'https://www.springer.com/journal/10781/editorial-board',
        'https://www.springer.com/journal/10849/editorial-board',
        'https://www.springer.com/journal/10992//editorial-board',
        'https://www.springer.com/journal/10739/editorial-board',
        'https://www.springer.com/journal/10790/editorial-board',
        'https://www.springer.com/journal/10988/editorial-board',
        'https://www.springer.com/journal/11787//editorial-board',
        'https://www.springer.com/journal/11016/editorial-board',
        'https://www.springer.com/journal/11406/editorial-board',
        'https://www.springer.com/journal/11098//editorial-board',
        'https://www.springer.com/journal/11158/editorial-board',
        'https://www.springer.com/journal/13164//editorial-board',
        'https://www.springer.com/journal/11841//editorial-board',
        'https://www.springer.com/journal/11225/editorial-board',
        'https://www.springer.com/journal/11229/editorial-board',
        'https://www.springer.com/journal/43493/editorial-board',
        'https://www.springer.com/journal/11245/editorial-board',
        'https://www.springer.com/journal/10437/editorial-board',
        'https://www.springer.com/journal/10444/editorial-board',
        'https://www.springer.com/journal/10469/editorial-board',
        'https://www.springer.com/journal/10468/editorial-board',
        'https://www.springer.com/journal/10231/editorial-board',
        'https://www.springer.com/journal/10455/editorial-board',
        'https://www.springer.com/journal/10463//editorial-board',
        'https://www.springer.com/journal/200/editorial-board',
        'http://www.springer.com/mathematics/applications/journal/10492/editorial-board',
        'https://www.springer.com/journal/11766/editorial-board',
        'https://www.springer.com/journal/10483/editorial-board',
        'https://www.springer.com/journal/245/editorial-board',
        'http://www.springer.com/40065/editorial-board',
        'https://www.springer.com/journal/10543/editorial-board',
        'https://www.springer.com/journal/11538/editorial-board',
        'https://www.springer.com/journal/526/editorial-board',
        'https://link.springer.com/journal/40304/editorial-board',
        'https://www.springer.com/journal/42967/editorial-board',
        'https://www.springer.com/journal/10598/editorial-board',
        'https://www.springer.com/journal/180/editorial-board',
        'https://www.springer.com/journal/365/editorial-board',
        'https://www.springer.com/journal/10623/editorial-board',
        'https://www.springer.com/journal/454/editorial-board',
        'https://www.springer.com/mathematics/algebra/journal/40879/editorial-board',
        'https://www.springer.com/journal/10687/editorial-board',
        'https://www.springer.com/journal/10208/editorial-board',
        'https://www.springer.com/journal/373//editorial-board',
        'https://www.springer.com/journal/41884/editorial-board',
        'https://www.springer.com/journal/40819/editorial-board',
        'https://www.springer.com/journal/10608/editorial-board',
        'https://www.springer.com/journal/12144/editorial-board',
        'https://www.springer.com/journal/10648/editorial-board',
        'https://www.springer.com/journal/10212/editorial-board',
        'https://www.springer.com/journal/40806/editorial-board',
        'https://www.springer.com/journal/12103/editorial-board',
        'https://www.springer.com/journal/10506/editorial-board',
        'https://www.springer.com/journal/10611/editorial-board',
        'https://www.springer.com/journal/11572/editorial-board',
        'https://www.springer.com/journal/10609/editorial-board',
        'https://www.springer.com/journal/40804/editorial-board',
        'https://www.springer.com/journal/10610/editorial-board',
        'https://www.springer.com/journal/10691/editorial-board',
        'https://www.springer.com/journal/40803/editorial-board',
        'https://www.springer.com/journal/40319/editorial-board',
        'https://www.springer.com/journal/13324/editorial-board',
        'http://www.springer.com/materials/journal/339/editorial-board',
        'https://www.springer.com/journal/340//editorial-board',
        'https://www.springer.com/journal/159/editorial-board',
        'https://www.springer.com/journal/10511/editorial-board',
        'https://www.springer.com/journal/10509/editorial-board',
        'https://www.springer.com/journal/13538/editorial-board',
        'https://www.springer.com/journal/220/editorial-board',
        'https://www.springer.com/journal/161/editorial-board',
        'https://ejnmmiphys.springeropen.com//editorial-board',
        'https://www.springer.com/journal/249//editorial-board',
        'https://www.springer.com/journal/10050/editorial-board',
        'https://www.springer.com/journal/10051/editorial-board',
        'https://www.springer.com/journal/10052/editorial-board',
        'https://www.springer.com/journal/10053/editorial-board',
        'https://www.springer.com/journal/11483/editorial-board',
        'https://www.springer.com/journal/40948/editorial-board',
        'https://link.springer.com/journal/10773/editorial-board',
        'https://link.springer.com/journal/10765/editorial-board',
        'https://www.springer.com/journal/10867/editorial-board',
        'https://www.springer.com/journal/10891/editorial-board',
        'https://www.springer.com/journal/40258/editorial-board',
        'https://www.springer.com/journal/10614/editorial-board',
        'https://www.springer.com/journal/10203/editorial-board',
        'https://www.springer.com/series/10/editorial-board',
        'https://www.springer.com/journal/40003/editorial-board',
        'https://www.springer.com/journal/10460/editorial-board',
        'https://www.springer.com/journal/10457/editorial-board',
        'http://www.springer.com/journal/13593/about/editorial-board',
        'https://www.springer.com/journal/35/editorial-board',
        'https://www.springer.com/journal/10499/editorial-board',
        'https://www.springer.com/journal/13355/editorial-board',
        'https://www.springer.com/journal/253/editorial-board',
        'https://chembioagro.springeropen.com//editorial-board',
        'https://www.springer.com/journal/13760/editorial-board',
        'https://afju.springeropen.com/editorial-board',
        'https://www.springer.com/journal/10461/editorial-board',
        'https://www.springer.com/journal/101/editorial-board',
        'https://www.springer.com/journal/277/editorial-board',
        'https://www.springer.com/journal/244/editorial-board',
        'https://www.springer.com/journal/404/editorial-board',
        'https://www.springer.com/journal/11657/editorial-board',
        'https://www.springer.com/journal/204/editorial-board',
        'https://www.springer.com/journal/10014/editorial-board',
        'https://www.springer.com/journal/12282/editorial-board',
        'https://www.springer.com/journal/10549/editorial-board',
        'https://www.springer.com/journal/128/editorial-board',
        'https://www.springer.com/journal/223/editorial-board',
        'https://www.springer.com/journal/12630/editorial-board',
        'https://www.springer.com/journal/41997/editorial-board',
        'https://www.springer.com/journal/10555/editorial-board',
        'https://www.springer.com/journal/10552/editorial-board',
        'https://www.springer.com/journal/280/editorial-board',
        'https://link.springer.com/journal/262/editorial-board',
        'https://www.springer.com/journal/270/editorial-board',
        'https://www.springer.com/journal/13239/editorial-board',
        'https://www.springer.com/journal/12928/editorial-board',
        'https://www.springer.com/journal/13402/editorial-board',
        'https://www.springer.com/journal/42058/editorial-board',
        'https://www.springer.com/journal/10157//editorial-board',
        'http://www.springer.com/medicine/oncology/journal/12094/editorial-board',
        'https://www.springer.com/journal/12328/editorial-board',
        'https://link.springer.com/journal/62/editorial-board',
        'https://www.springer.com/journal/10067/editorial-board',
        'https://www.springerpub.com/creative-nursing.html/editorial-board',
        'https://www.springer.com/journal/13671/editorial-board',
        'https://www.springer.com/journal/13670/editorial-board',
        'https://www.springer.com/journal/40135/editorial-board',
        'https://www.springer.com/journal/40124/editorial-board',
        'https://link.springer.com/journal/40495/editorial-board',
        'https://www.springer.com/medicine/radiology/journal/40134/editorial-board',
        'https://www.springer.com/journal/10029/editorial-board',
        'https://www.springer.com/medicine/internal/journal/40675/editorial-board',
        'https://www.springer.com/journal/11864/editorial-board',
        'https://link.springer.com/journal/40746/editorial-board',
        'https://www.springer.com/medicine/internal/journal/40475/editorial-board',
        'https://www.springer.com/journal/13555/editorial-board',
        'https://www.springer.com/journal/13300/editorial-board',
        'https://www.springer.com/journal/12672//editorial-board',
        'https://www.springer.com/journal/10646/editorial-board',
        'https://ejnpn.springeropen.com//editorial-board',
        'https://ejrnm.springeropen.com//editorial-board',
        'https://www.springer.com/journal/10140/editorial-board',
        'https://www.springer.com/journal/40368/editorial-board',
        'https://www.springer.com/journal/10096/editorial-board',
        'https://www.springer.com/journal/228/editorial-board',
        'http://www.springer.com/biomed/pharmaceutical+science/journal/13318/editorial-board',
        'https://www.springer.com/journal/431/editorial-board',
        'https://eurradiolexp.springeropen.com//editorial-board',
        'https://www.springer.com/journal/10689/editorial-board',
        'https://www.springer.com/journal/12024/editorial-board',
        'https://www.springer.com/journal/11419/editorial-board',
        'https://www.springer.com/journal/10120/editorial-board',
        'https://www.springer.com/journal/417/editorial-board',
        'https://www.springer.com/journal/590/editorial-board',
        'https://www.springer.com/series/164/editorial-board',
        'https://www.springer.com/journal/12072/editorial-board',
        'https://www.springer.com/journal/40944/editorial-board',
        'https://www.springer.com/journal/12288/editorial-board',
        'https://www.springer.com/journal/12098/editorial-board',
        'https://www.springer.com/journal/12055/editorial-board',
        'https://www.springer.com/journal/13312/editorial-board',
        'https://www.springer.com/journal/40121/editorial-board',
        'https://www.springer.com/journal/11739/editorial-board',
        'https://www.springer.com/journal/10554/editorial-board',
        'https://www.springer.com/journal/10147/editorial-board',
        'https://www.springer.com/journal/13410/editorial-board',
        'https://www.springer.com/journal/12185/editorial-board',
        'https://www.springer.com/journal/464/editorial-board',
        'https://www.springer.com/journal/407/editorial-board',
        'http://www.springer.com/mathematics/journal/222/editorial-board',
        'https://www.springer.com/journal/11856/editorial-board',
        'https://www.springer.com/journal/13160/editorial-board',
        'https://www.springer.com/journal/11537/editorial-board',
        'https://www.springer.com/journal/11854/editorial-board',
        'http://www.springer.com/mathematics/numbers/journal/10801/editorial-board',
        'https://www.springer.com/journal/41468/editorial-board',
        'https://www.springer.com/journal/12190/editorial-board',
        'https://www.springer.com/journal/10884/editorial-board',
        'https://www.springer.com/journal/10665/editorial-board',
        'https://www.springer.com/journal/12220/editorial-board',
        'https://www.springer.com/journal/10898/editorial-board',
        'https://www.springer.com/journal/285/editorial-board',
        'https://www.springer.com/journal/10910/editorial-board',
        'https://www.springer.com/journal/332/editorial-board',
        'https://www.springer.com/journal/10957/editorial-board',
        'https://www.springer.com/journal/10959/editorial-board',
        'https://www.springer.com/journal/11004/editorial-board',
        'https://www.springer.com/journal/11040/editorial-board',
        'https://www.springer.com/journal/498/editorial-board',
        'https://www.springer.com/journal/208/editorial-board',
        'https://www.springer.com/journal/209/editorial-board',
        'https://www.springer.com/journal/11009/editorial-board',
        'https://www.springer.com/journal/211/editorial-board',
        'https://www.springer.com/journal/11118/editorial-board',
        'https://www.springer.com/journal/440/editorial-board',
        'https://www.springer.com/journal/10240/editorial-board',
        'https://www.springer.com/journal/11134/editorial-board',
        'https://www.springer.com/mathematics/numbers/journal/40993/editorial-board',
        'https://www.springer.com/journal/233/editorial-board',
        'https://www.springer.com/series/10533/editorial-board',
        'https://www.springer.com/series/10030/editorial-board',
        'https://www.springer.com/journal/11222/editorial-board',
        'https://www.springer.com/mathematics/journal/10013/editorial-board',
        'https://www.springer.com/journal/11196/editorial-board',
        'https://link.springer.com/journal/414/editorial-board',
        'https://www.springer.com/journal/41134/editorial-board',
        'https://www.springer.com/journal/10978/editorial-board',
        'https://www.springer.com/journal/10982/editorial-board',
        'https://www.springer.com/journal/10991/editorial-board',
        'https://www.springer.com/journal/40802/editorial-board',
        'https://www.springer.com/journal/199/editorial-board',
        'https://www.springer.com/journal/10101/editorial-board',
        'https://www.springer.com/journal/10640/editorial-board',
        'https://www.springer.com/journal/10018/editorial-board',
        'https://www.springer.com/series/13544/editorial-board',
        'https://www.springer.com/journal/10198/editorial-board',
        'https://www.springer.com/journal/10657/editorial-board',
        'https://www.springer.com/journal/10683/editorial-board',
        'https://www.springer.com/journal/41027/editorial-board',
        'https://www.springer.com/journal/10368/editorial-board',
        'https://www.springer.com/public+health/journal/10754/editorial-board',
        'https://www.springer.com/journal/12232/editorial-board',
        'https://www.springer.com/journal/11573/editorial-board',
        'https://www.springer.com/journal/10824/editorial-board',
        'https://www.springer.com/journal/10887/editorial-board',
        'https://www.springer.com/journal/712/editorial-board',
        'https://www.springer.com/journal/12197/editorial-board',
        'https://www.springer.com/journal/191/editorial-board',
        'https://www.springer.com/journal/40812/editorial-board',
        'https://www.springer.com/journal/148/editorial-board',
        'https://www.springer.com/journal/11123/editorial-board',
        'https://www.springer.com/journal/40953/editorial-board',
        'https://www.springer.com/journal/11149/editorial-board',
        'https://www.springer.com/journal/11579/editorial-board',
        'https://link.springer.com/journal/13563/editorial-board',
        'https://www.springer.com/journal/41669/editorial-board',
        'https://www.springer.com/journal/11151/editorial-board',
        'http://www.springer.com/economics/international+economics/journal/10290/editorial-board',
        'https://www.springer.com/series/11960/editorial-board',
        'https://sjes.springeropen.com//editorial-board',
        'https://www.springer.com/journal/10865/editorial-board',
        'https://www.springer.com/journal/10880/editorial-board',
        'https://www.springerpub.com/journal-of-cognitive-education-and-psychology.html/editorial-board',
        'https://www.springer.com/journal/11896/editorial-board',
        'https://www.springer.com/journal/10862/editorial-board',
        'http://www.springer.com/psychology/psychology+%26+law/journal/10979/editorial-board',
        'https://www.springer.com/journal/11065/editorial-board',
        'https://www.springer.com/journal/11089/editorial-board',
        'https://www.springer.com/journal/12646/editorial-board',
        'https://www.springer.com/journal/11218/editorial-board',
        'https://www.springer.com/journal/11440/editorial-board',
        'http://www.springer.com/physics/particle+and+nuclear+physics/journal/13130/editorial-board',
        'https://www.springer.com/journal/10955/editorial-board',
        'https://www.springer.com/journal/11005/editorial-board',
        'https://www.springer.com/journal/41116/editorial-board',
        'https://www.springer.com/journal/10334/editorial-board',
        'https://www.springer.com/journal/269/editorial-board',
        'https://www.springer.com/journal/12043/editorial-board',
        'https://link.springer.com/journal/411/editorial-board',
        'https://www.springer.com/journal/41605/editorial-board',
        'https://www.springer.com/journal/12194/editorial-board',
        'https://www.springer.com/journal/11182/editorial-board',
        'https://www.springer.com/journal/11207/editorial-board',
        'https://www.springer.com/series/361/editorial-board',
        'https://www.springer.com/journal/10712/editorial-board',
        'https://www.springer.com/journal/10792/editorial-board',
        'https://www.springer.com/journal/264/editorial-board',
        'https://www.springer.com/journal/192/editorial-board',
        'https://www.springer.com/journal/11255/editorial-board',
        'https://www.springer.com/journal/10384/editorial-board',
        'https://www.springer.com/journal/11604/editorial-board',
        'https://www.springer.com/journal/774//editorial-board',
        'https://www.springer.com/journal/13187/editorial-board',
        'https://link.springer.com/journal/432/editorial-board',
        'https://www.springer.com/journal/11764/editorial-board',
        'https://www.springer.com/journal/12265/editorial-board',
        'https://www.springer.com/journal/10875/editorial-board',
        'https://www.springer.com/journal/10823/editorial-board',
        'https://www.springerpub.com/journal-of-doctoral-nursing-practice.html/editorial-board',
        'https://www.springer.com/journal/535/editorial-board',
        'https://www.springer.com/journal/13181/editorial-board',
        'https://www.springer.com/journal/11481/editorial-board',
        'https://www.springerpub.com/journal-of-nursing-measurement.html/editorial-board',
        'https://www.springer.com/journal/13224/editorial-board',
        'https://jorthoptraumatol.springeropen.com/editorial-board',
        'https://www.springer.com/journal/41547/editorial-board',
        'https://www.springer.com/journal/10353/editorial-board',
        'https://www.springer.com/journal/430/editorial-board',
        'https://www.springer.com/journal/12254/editorial-board',
        'https://www.springer.com/journal/13273/editorial-board',
        'https://link.springer.com/journal/534/volumes-and-issues/editorial-board',
        'https://www.springer.com/journal/210/editorial-board',
        'https://www.springer.com/journal/40120/editorial-board',
        'https://www.springer.com/journal/234/editorial-board',
        'https://www.springer.com/journal/10266//editorial-board',
        'https://www.springer.com/journal/40487/editorial-board',
        'https://www.springer.com/journal/11748/editorial-board',
        'https://www.springer.com/journal/402/editorial-board',
        'https://www.springer.com/journal/40123/editorial-board',
        'https://www.springer.com/journal/198/editorial-board',
        'https://www.springer.com/journal/246/editorial-board',
        'http://www.springer.com/medicine/pediatrics/journal/467/editorial-board',
        'https://www.springer.com/journal/247//editorial-board',
        'https://www.springer.com/journal/213/editorial-board',
        'https://www.springerpub.com/research-and-theory-for-nursing-practice.html/editorial-board',
        'https://www.springer.com/journal/11154/editorial-board',
        'https://www.springer.com/journal/296/editorial-board',
        'https://www.springer.com/journal/256/editorial-board',
        'https://www.springer.com/journal/40279/editorial-board',
        'https://sportsmedicine-open.springeropen.com//editorial-board',
        'https://www.springer.com/journal/520/editorial-board',
        'https://www.springer.com/journal/11523/editorial-board',
        'https://www.springer.com/journal/42414/editorial-board',
        'https://www.springer.com/journal/238/editorial-board',
        'https://www.springer.com/journal/13193/editorial-board',
        'https://www.springer.com/journal/423/editorial-board',
        'https://www.springer.com/journal/40472/editorial-board',
        'https://www.springer.com/journal/383/editorial-board',
        'https://www.springer.com/journal/276/editorial-board',
        'https://www.springer.com/journal/10434/editorial-board',
        'https://www.springer.com/journal/266//editorial-board',
        'https://www.springer.com/journal/12262/editorial-board',
        'https://www.springer.com/journal/40137/editorial-board',
        'https://www.springer.com/journal/12306/editorial-board',
        'https://www.springer.com/journal/10143/editorial-board',
        'https://www.springer.com/journal/13304/editorial-board',
        'https://www.springer.com/journal/595/editorial-board',
        'https://www.springer.com/journal/10342//editorial-board',
        'https://www.springer.com/journal/107/editorial-board',
        'https://www.springer.com/journal/12562/editorial-board',
        'https://www.springer.com/journal/12571/editorial-board',
        'http://www.springer.com/life+sciences/animal+sciences/journal/11259/editorial-board',
        'https://www.springer.com/journal/10436/editorial-board',
        'https://www.springer.com/journal/10490/editorial-board',
        'https://www.springer.com/journal/13520/editorial-board',
        'https://www.springer.com/series/1505/editorial-board',
        'https://www.springer.com/business+%26+management/journal/40821/editorial-board',
        'https://www.springer.com/journal/780/editorial-board',
        'https://www.springer.com/journal/41463/editorial-board',
        'https://www.springer.com/journal/10257/editorial-board',
        'https://www.springer.com/journal/11365/editorial-board',
        'https://www.springer.com/journal/10797/editorial-board',
        'https://www.springer.com/journal/41549/editorial-board',
        'https://www.springer.com/journal/10551/editorial-board',
        'https://www.springer.com/journal/10843/editorial-board',
        'https://link.springer.com/journal/10997/editorial-board',
        'https://www.springer.com/business+%26+management/journal/41270/editorial-board',
        'https://www.springer.com/journal/11146/editorial-board',
        'https://www.springer.com/journal/11747/editorial-board',
        'https://www.springer.com/series/7911/editorial-board',
        'https://www.springer.com/journal/11575/editorial-board',
        'https://www.springer.com/business+%26+management/journal/11301/editorial-board',
        'https://www.springer.com/journal/11002/editorial-board',
        'https://link.springer.com/journal/11142/editorial-board',
        'https://www.springer.com/journal/11156/editorial-board',
        'https://www.springer.com/journal/41471/editorial-board',
        'https://www.springer.com/journal/11628/editorial-board',
        'https://www.springer.com/journal/11187/editorial-board',
        'https://www.springer.com/journal/40072/editorial-board',
        'https://www.springer.com/journal/43076/editorial-board',
        'https://www.springer.com/life+sciences/journal/13580/editorial-board',
        'https://www.springer.com/journal/10529/editorial-board',
        'https://www.springer.com/journal/271/editorial-board',
        'https://www.springer.com/journal/12013/editorial-board',
        'https://www.springer.com/journal/10565/editorial-board',
        'https://www.springer.com/journal/10571/editorial-board',
        'https://www.springer.com/journal/12892/editorial-board',
        'https://www.springer.com/journal/11676/editorial-board',
        'https://www.springer.com/journal/10592/editorial-board',
        'https://www.springer.com/journal/12686/editorial-board',
        'https://www.springer.com/journal/42729/editorial-board',
        'https://www.springer.com/journal/294/editorial-board',
        'https://jwoodscience.springeropen.com//editorial-board',
        'https://www.springer.com/journal/11956/editorial-board',
        'https://www.springer.com/journal/11056/editorial-board',
        'https://link.springer.com/journal/12231/editorial-board',
        'https://www.springer.com/journal/13165/editorial-board',
        'https://jmhg.springeropen.com/editorial-board',
        'https://www.springer.com/journal/10641/editorial-board',
        'https://www.springer.com/journal/11540/editorial-board',
        'https://www.springer.com/journal/11119/editorial-board',
        'https://thericejournal.springeropen.com//editorial-board',
        'https://www.springer.com/journal/11842/editorial-board',
        'https://www.springer.com/journal/216/editorial-board',
        'https://www.springer.com/journal/12010/editorial-board',
        'https://www.springer.com/journal/40195/editorial-board',
        'https://applbiolchem.springeropen.com//editorial-board',
        'https://www.springer.com/journal/10498/editorial-board',
        'https://aben.springeropen.com//editorial-board',
        'https://www.springer.com/journal/10562/editorial-board',
        'https://www.springer.com/journal/10563/editorial-board',
        'https://www.springer.com/journal/11696/editorial-board',
        'https://www.springer.com/journal/40242/editorial-board',
        'https://www.springer.com/journal/42250/editorial-board',
        'https://www.springer.com/journal/10553/editorial-board',
        'https://www.springer.com/journal/10593/editorial-board',
        'https://www.springer.com/journal/10600/editorial-board',
        'https://www.springer.com/journal/12678/editorial-board',
        'https://www.springer.com/journal/41918/editorial-board',
        'https://www.springer.com/journal/10311/editorial-board',
        'https://www.springer.com/journal/42401/editorial-board',
        'https://www.springer.com/journal/10692/editorial-board',
        'https://www.springer.com/journal/10439/editorial-board',
        'https://www.springer.com/series/698/editorial-board',
        'https://www.springer.com/journal/10800/editorial-board',
        'https://www.springer.com/journal/10874/editorial-board',
        'https://www.springer.com/journal/775/editorial-board',
        'https://www.springer.com/journal/10886/editorial-board',
        'https://www.springer.com/chemistry/journal/12039/editorial-board',
        'https://www.springer.com/journal/40097/editorial-board',
        'https://www.springer.com/journal/13105/editorial-board',
        'https://www.springer.com/journal/10008/editorial-board',
        'https://www.springer.com/journal/10953/editorial-board',
        'https://www.springer.com/journal/13738/editorial-board',
        'https://www.springer.com/journal/10975/editorial-board',
        'https://www.springer.com/journal/44/editorial-board',
        'https://www.springer.com/journal/11064/editorial-board',
        'https://www.springer.com/journal/11094/editorial-board',
        'https://www.springer.com/journal/43630/editorial-board',
        'https://www.springer.com/journal/11101/editorial-board',
        'https://www.springer.com/journal/11090/editorial-board',
        'https://www.springer.com/journal/11144/editorial-board',
        'https://www.springer.com/series/13872/editorial-board',
        'https://www.springer.com/journal/11172/editorial-board',
        'https://www.springer.com/journal/11692/editorial-board',
        'https://www.springer.com/journal/12355/editorial-board',
        'http://www.springer.com/life+sciences/journal/10682/editorial-board',
        'https://www.springer.com/journal/468//editorial-board',
        'https://www.springer.com/journal/11250/editorial-board',
        'https://www.springer.com/journal/226/editorial-board',
        'http://www.springer.com/medicine/anatomie/journal/418/editorial-board',
        'https://www.springer.com/journal/439/editorial-board',
        'https://www.springer.com/journal/11626/editorial-board',
        'https://www.springer.com/journal/11627/editorial-board',
        'https://www.springer.com/journal/10764/editorial-board',
        'https://www.springer.com/journal/12041/editorial-board',
        'https://www.springer.com/journal/10841/editorial-board',
        'https://www.springer.com/journal/10914/editorial-board',
        'https://www.springer.com/journal/239/editorial-board',
        'https://www.springer.com/journal/13562/editorial-board',
        'https://link.springer.com/journal/13364/editorial-board',
        'https://www.springer.com/journal/42991/editorial-board',
        'https://www.springer.com/journal/227/editorial-board',
        'https://www.springer.com/journal/11010/editorial-board',
        'https://www.springer.com/journal/11033/editorial-board',
        'https://www.springer.com/journal/13744/editorial-board',
        'https://www.springer.com/journal/13721/editorial-board',
        'https://www.springer.com/journal/13127/editorial-board',
        'https://www.springer.com/journal/11084/editorial-board',
        'https://www.springer.com/journal/43388/editorial-board',
        'https://www.springer.com/journal/436/editorial-board',
        'https://www.springer.com/journal/12600/editorial-board',
        'https://www.springer.com/journal/11816/editorial-board',
        'https://www.springer.com/journal/11103/editorial-board',
        'https://www.springer.com/journal/606/editorial-board',
        'https://www.springer.com/journal/345//editorial-board',
        'https://www.springer.com/journal/10329/editorial-board',
        'https://www.springer.com/journal/11295/editorial-board',
        'https://www.springer.com/journal/12042/editorial-board',
        'https://www.springer.com/journal/334/editorial-board',
        'https://www.springer.com/journal/11274/editorial-board',
        'https://www.springer.com/journal/435/editorial-board',
        'https://www.springer.com/journal/10546/editorial-board',
        'https://www.springer.com/journal/43452/editorial-board',
        'https://www.springer.com/journal/445/editorial-board',
        'http://www.springer.com/13201/editorial-board',
        'https://www.springer.com/journal/10452/editorial-board',
        'https://www.springer.com/journal/44273/editorial-board',
        'https://www.springer.com/journal/410/editorial-board',
        'https://www.springer.com/journal/12145/editorial-board',
        'https://www.springer.com/journal/10531/editorial-board',
        'https://www.springer.com/journal/12665/editorial-board',
        'https://www.springer.com/journal/10098//editorial-board',
        'http://www.springer.com/earth+sciences+%26+geography/geophysics/journal/382/editorial-board',
        'http://www.springer.com/earth+sciences+%26+geography/hydrogeology/journal/10040/editorial-board',
        'https://link.springer.com/journal/484/editorial-board',
        'https://www.springer.com/journal/531/editorial-board',
        'https://www.springer.com/journal/40641/editorial-board',
        'https://www.springer.com/journal/190/editorial-board',
        'https://www.springer.com/journal/40572/editorial-board',
        'https://www.springer.com/journal/10872/editorial-board',
        'https://www.springer.com/journal/10933/editorial-board',
        'https://www.springer.com/journal/40726/editorial-board',
        'https://www.springer.com/journal/10950/editorial-board',
        'https://www.springer.com/journal/43621/editorial-board',
        'https://www.springer.com/journal/10201/editorial-board',
        'https://www.springer.com/journal/41748/editorial-board',
        'https://www.springer.com/journal/703/editorial-board',
        'https://www.springer.com/journal/710/editorial-board',
        'https://sjpp.springeropen.com//editorial-board',
        'https://www.springer.com/journal/704/editorial-board',
        'https://www.springer.com/journal/10668/editorial-board',
        'https://www.springer.com/journal/41111/editorial-board',
        'https://www.springer.com/journal/43508/editorial-board',
        'http://www.springer.com/law/environmental/journal/10784/editorial-board',
        'https://www.springer.com/journal/12208/editorial-board',
        'https://www.springer.com/journal/11366/editorial-board',
        'https://www.springer.com/journal/11077/editorial-board',
        'http://www.springer.com/computer+science/ai/journal/10472/editorial-board',
        'https://www.springer.com/journal/10462/editorial-board',
        'https://www.springer.com/journal/10515/editorial-board',
        'https://www.springer.com/journal/42514/editorial-board',
        'https://www.springer.com/series/7899/editorial-board',
        'https://www.springer.com/journal/37/editorial-board',
        'https://www.springer.com/journal/40315/editorial-board',
        'https://www.springer.com/journal/10459/editorial-board',
        'https://cybersecurity.springeropen.com//editorial-board',
        'https://www.springer.com/journal/10618/editorial-board',
        'http://www.springer.com/41019/editorial-board',
        'https://www.springer.com/journal/446/editorial-board',
        'https://www.springer.com/journal/10664/editorial-board',
        'https://www.springer.com/journal/10676//editorial-board',
        'https://jwcn-eurasipjournals.springeropen.com/editorial-board',
        'https://www.springer.com/journal/10710/editorial-board',
        'https://www.springer.com/journal/10796/editorial-board',
        'https://www.springer.com/journal/11334/editorial-board',
        'https://www.springer.com/journal/11370/editorial-board',
        'https://www.springer.com/journal/44196/editorial-board',
        'https://link.springer.com/journal/11263/editorial-board',
        'https://www.springer.com/journal/41060/editorial-board',
        'http://www.springer.com/computer+science/security+and+cryptology/journal/10207/editorial-board',
        'https://www.springer.com/journal/41870/editorial-board',
        'https://www.springer.com/journal/41315/editorial-board',
        'https://www.springer.com/journal/13042/editorial-board',
        'http://www.springer.com/computer+science/theoretical+computer+science/foundations+of+computations/journal/10766/editorial-board',
        'https://www.springer.com/journal/10776/editorial-board',
        'https://www.springer.com/journal/42081/editorial-board',
        'https://www.springer.com/journal/42107/editorial-board',
        'https://www.springer.com/journal/12652/editorial-board',
        'https://www.springer.com/journal/10817/editorial-board',
        'https://journalofcloudcomputing.springeropen.com//editorial-board',
        'https://www.springer.com/journal/11390/editorial-board',
        'https://www.springer.com/journal/10723/editorial-board',
        'https://www.springer.com/journal/10844/editorial-board',
        'https://www.springer.com/journal/11554/editorial-board',
        'https://www.springer.com/journal/10115/editorial-board',
        'https://www.springer.com/journal/10994/editorial-board',
        'https://www.springer.com/journal/138/editorial-board',
        'https://www.springer.com/journal/10107/editorial-board',
        'https://www.springer.com/journal/12532/editorial-board',
        'https://www.springer.com/journal/530/editorial-board',
        'https://www.springer.com/computer/information+systems+and+applications/journal/11042/editorial-board',
        'https://www.springer.com/journal/521/editorial-board',
        'https://www.springer.com/journal/13748/editorial-board',
        'https://www.springer.com/journal/42979/editorial-board',
        'https://www.springer.com/series/15556/editorial-board',
        'https://www.springer.com/series/10028/editorial-board',
        'https://www.springer.com/series/7092/editorial-board',
        'http://www.springer.com/engineering/signals/journal/11276/editorial-board',
        'https://www.springer.com/journal/11277//editorial-board',
        'https://www.springer.com/journal/11280/editorial-board',
        'https://photonix.springeropen.com//editorial-board',
        'http://www.springer.com/13320/editorial-board',
        'https://www.springer.com/journal/11107/editorial-board',
        'https://www.springer.com/journal/11237/editorial-board',
        'https://www.springer.com/journal/214/editorial-board',
        'http://www.springer.com/chemistry/journal/11244/editorial-board',
        'https://www.springer.com/journal/41061/editorial-board',
        'https://www.springer.com/journal/11243/editorial-board',
        'https://www.springer.com/journal/42154/editorial-board',
        'https://www.springer.com/journal/13534/editorial-board',
        'https://www.springer.com/journal/10518/editorial-board',
        'https://www.springer.com/journal/10064/editorial-board',
        'https://www.springer.com/journal/10556/editorial-board',
        'https://www.springer.com/journal/10118/editorial-board',
        'https://www.springer.com/journal/396/editorial-board',
        'http://www.springer.com/engineering/electronics/journal/202/editorial-board',
        'https://www.springer.com/journal/10652/editorial-board',
        'https://www.springer.com/journal/10010/editorial-board',
        'https://www.springer.com/engineering/civil+engineering/journal/11709/editorial-board',
        'https://www.springer.com/journal/10706/editorial-board',
        'https://www.springer.com/journal/10717/editorial-board',
        'https://www.springer.com/journal/231/editorial-board',
        'https://www.springer.com/journal/41314/editorial-board',
        'https://www.springer.com/journal/40098/editorial-board',
        'https://www.springer.com/journal/41062/editorial-board',
        'https://www.springer.com/journal/40999/editorial-board',
        'https://www.springer.com/engineering/journal/40095/editorial-board',
        'http://www.springer.com/40703/editorial-board',
        'https://www.springer.com/journal/40996/editorial-board',
        'https://www.springer.com/journal/40998/editorial-board',
        'https://www.springer.com/journal/40997/editorial-board',
        'https://www.springer.com/journal/13726//editorial-board',
        'https://www.springer.com/materials/surfaces+interfaces/journal/40735#/editorial-board',
        'https://www.springer.com/journal/10863/editorial-board',
        'https://www.springer.com/journal/10870/editorial-board',
        'https://www.springer.com/journal/10832/editorial-board',
        'https://jeas.springeropen.com//editorial-board',
        'https://www.springer.com/journal/10904/editorial-board',
        'https://www.springer.com/journal/11665/editorial-board',
        'https://www.springer.com/journal/10853/editorial-board',
        'https://www.springer.com/journal/10854/editorial-board',
        'https://www.springer.com/journal/10856/editorial-board',
        'https://www.springer.com/journal/21/editorial-board',
        'https://www.springer.com/journal/232/editorial-board',
        'https://www.springer.com/journal/41965/editorial-board',
        'https://link.springer.com/journal/40722/editorial-board',
        'https://www.springer.com/journal/10965/editorial-board',
        'https://www.springer.com/journal/10924/editorial-board',
        'https://www.springer.com/journal/40831/editorial-board',
        'https://www.springer.com/journal/41779/editorial-board',
        'https://www.springer.com/journal/40032/editorial-board',
        'https://www.springer.com/journal/11595/editorial-board',
        'https://www.springer.com/journal/11814/editorial-board',
        'https://www.springer.com/journal/11355/editorial-board',
        'https://www.springer.com/series/15087/editorial-board',
        'https://www.springer.com/series/7818/editorial-board',
        'https://www.springer.com/series/11236/editorial-board',
        'https://www.springer.com/journal/11527/editorial-board',
        'https://www.springer.com/journal/11003/editorial-board',
        'https://www.springer.com/journal/42755/editorial-board',
        'https://www.springer.com/journal/11041/editorial-board',
        'https://www.springer.com/journal/13632/editorial-board',
        'https://www.springer.com/journal/11661/editorial-board',
        'https://www.springer.com/journal/11015/editorial-board',
        'https://www.springer.com/journal/42461/editorial-board',
        'https://www.springer.com/journal/41204/editorial-board',
        'https://www.springer.com/journal/289/editorial-board',
        'https://www.springer.com/journal/11106/editorial-board',
        'https://www.springer.com/journal/11740/editorial-board',
        'https://www.springer.com/journal/40204/editorial-board',
        'https://www.springer.com/journal/40534/editorial-board',
        'https://www.springer.com/journal/11148/editorial-board',
        'https://www.springer.com/journal/163/editorial-board',
        'https://www.springer.com/series/15140/editorial-board',
        'https://www.springer.com/journal/12666/editorial-board',
        'https://link.springer.com/journal/40515/editorial-board',
        'https://link.springer.com/journal/12564/editorial-board',
        'http://sfleducation.springeropen.com//editorial-board',
        'https://www.springer.com/journal/40299/editorial-board',
        'https://www.springer.com/journal/13384/editorial-board',
        'https://www.springer.com/education+%26+language/science+education/journal/42330/editorial-board',
        'https://www.springer.com/journal/41297/editorial-board',
        'https://www.springer.com/journal/10643/editorial-board',
        'https://www.springer.com/journal/10639/editorial-board',
        'https://www.springer.com/journal/11092/editorial-board',
        'https://www.springer.com/series/13077/editorial-board',
        'https://www.springer.com/education+%26+language/journal/10671/editorial-board',
        'https://www.springer.com/journal/10649/editorial-board',
        'https://www.springer.com/journal/11423/editorial-board',
        'https://www.springer.com/journal/10734/editorial-board',
        'https://link.springer.com/journal/10755/editorial-board',
        'https://www.springer.com/journal/10775/editorial-board',
        'https://www.springer.com/journal/40593/editorial-board',
        'http://educationaltechnologyjournal.springeropen.com//editorial-board',
        'https://www.springer.com/journal/40753/editorial-board',
        'https://www.springer.com/journal/10763/editorial-board',
        'https://www.springer.com/journal/10798/editorial-board',
        'https://www.springer.com/journal/11159/editorial-board',
        'https://www.springer.com/journal/40692/editorial-board',
        'https://www.springer.com/journal/12528/editorial-board',
        'http://www.springer.com/education+%26+language/educational+policy/journal/10833/editorial-board',
        'https://www.springer.com/journal/10857/editorial-board',
        'https://link.springer.com/journal/44322/editorial-board',
        'https://www.springer.com/journal/42322/editorial-board',
        'https://www.springer.com/journal/10956/editorial-board',
        'https://www.springer.com/journal/13394/editorial-board',
        'https://www.springer.com/education+&+language/journal/40841/editorial-board',
        'https://www.springer.com/journal/42438/editorial-board',
        'https://www.springer.com/journal/11162/editorial-board',
        'http://www.springer.com/education+%26+language/science+education/journal/11165/editorial-board',
        'https://www.springer.com/journal/11191/editorial-board',
        'https://www.springer.com/journal/11217/editorial-board',
        'https://www.springer.com/journal/11858/editorial-board',
        'https://link.springer.com/journal/12304/editorial-board',
        'https://www.springer.com/series/13565/editorial-board',
        'https://www.springer.com/journal/41701/editorial-board',
        'https://www.springer.com/journal/10828/editorial-board',
        'https://www.springer.com/journal/10831//editorial-board',
        'https://www.springer.com/journal/10936/editorial-board',
        'https://www.springer.com/journal/10993/editorial-board',
        'https://www.springer.com/series/15362/editorial-board',
        'https://www.springer.com/journal/11525/editorial-board',
        'https://www.springer.com/journal/11049/editorial-board',
        'https://www.springer.com/journal/11050/editorial-board',
        'https://www.springer.com/series/10129/editorial-board',
        'https://www.springer.com/journal/10579/editorial-board',
        'https://languagetestingasia.springeropen.com//editorial-board',
        'http://appliednetsci.springeropen.com//editorial-board',
        'https://www.springer.com/engineering/journal/13369/editorial-board',
        'https://www.springer.com/journal/11417/editorial-board',
        'https://www.springer.com/journal/13415/editorial-board',
        'https://www.springer.com/journal/10612/editorial-board',
        'https://www.springer.com/journal/40473//editorial-board',
        'https://www.springer.com/series/7854/editorial-board',
        'https://www.springer.com/journal/10699/editorial-board',
        'https://www.springer.com/journal/10812/editorial-board',
        'https://www.springer.com/journal/10827/editorial-board',
        'https://www.springer.com/journal/41809/editorial-board',
        'https://www.springer.com/journal/40865/editorial-board',
        'https://www.springer.com/journal/11292/editorial-board',
        'https://www.springer.com/journal/12031/editorial-board',
        'https://www.springer.com/journal/10940/editorial-board',
        'https://www.springer.com/journal/11055/editorial-board',
        'https://www.springer.com/journal/12264/editorial-board',
        'https://www.springer.com/journal/11097/editorial-board',
        'http://www.springer.com/education+%26+language/science+education/journal/12045/editorial-board',
        'https://www.springer.com/journal/10651/editorial-board',
        'https://www.springer.com/journal/267/editorial-board',
        'https://www.springer.com/journal/10666/editorial-board',
        'http://www.springer.com/environment/monitoring+-+environmental+analysis/journal/10661/editorial-board',
        'https://www.springer.com/series/7487/editorial-board',
        'https://www.springer.com/journal/11356/editorial-board',
        'https://www.springer.com/journal/10745/editorial-board',
        'https://www.springer.com/journal/41742/editorial-board',
        'https://www.springer.com/journal/13762/editorial-board',
        'https://link.springer.com/journal/13412/editorial-board',
        'https://www.springer.com/journal/10163/editorial-board',
        'https://www.springer.com/journal/10980/editorial-board',
        'https://www.springer.com/journal/43581/editorial-board',
        'https://www.springer.com/journal/10333/editorial-board',
        'https://www.springer.com/journal/11258/editorial-board',
        'https://www.springer.com/journal/11111/editorial-board',
        'https://www.springer.com/journal/10113/editorial-board',
        'https://www.springer.com/journal/11157/editorial-board',
        'https://www.springer.com/journal/11625/editorial-board',
        'https://www.springer.com/journal/40899/editorial-board',
        'https://www.springer.com/journal/12080/editorial-board',
        'https://www.springer.com/journal/42965?gclid=Cj0KCQiAtf_tBRDtARIsAIbAKe2EJw4dw5ytgdYsH_1oU5NKEHJ4WA74IpTZKsDxptwBLf3qCWvhIAgaAvyEEALw_wcB/editorial-board',
        'https://www.springer.com/journal/12649/editorial-board',
        'https://www.springer.com/journal/42768/editorial-board',
        'https://www.springer.com/journal/11269/editorial-board',
        'https://link.springer.com/journal/11270/editorial-board',
        'https://slejournal.springeropen.com/editorial-board',
        'https://www.springer.com/journal/10984/editorial-board',
